{"cameraMode":{"drawMode":0,"name":"Shaded","section":"Shading Mode"},"sceneLighting":true,"audioPlay":false,"sceneViewState":{"m_AlwaysRefresh":false,"showFog":true,"showSkybox":true,"showFlares":true,"showImageEffects":true,"showParticleSystems":true,"showVisualEffectGraphs":true,"m_FxEnabled":true},"in2DMode":false,"pivot":{"x":-1.3741425275802613,"y":10.260529518127442,"z":200.54086303710938},"rotation":{"x":-0.049079716205596927,"y":0.010487150400876999,"z":0.0005153458914719522,"w":0.9987404346466065},"size":13.664098739624024,"orthographic":false}